"Status","Start Time","Stop Time","Duration in ms","Parent Suite","Suite","Sub Suite","Test Class","Test Method","Name","Description"
"skipped","Tue Jul 30 23:00:47 GMT 2024","Tue Jul 30 23:00:47 GMT 2024","0","chromium","21-wallet.spec.ts","Wallet Tests","","","E2 - User should be able to change amount for payment by clicking the green amount numbers",""
"passed","Tue Jul 30 22:36:38 GMT 2024","Tue Jul 30 22:36:43 GMT 2024","5058","chromium","07-settings-customizations.spec.ts","Settings Customization Tests","","","K1 - Language dropdown should display English",""
"skipped","Tue Jul 30 22:33:14 GMT 2024","Tue Jul 30 22:33:14 GMT 2024","1","chromium","04-marketplace.spec.ts","Marketplace Tests","","","D3 - Clicking Staff Picks should navigate you to said page",""
"skipped","Tue Jul 30 22:40:44 GMT 2024","Tue Jul 30 22:40:44 GMT 2024","0","chromium","18-chats-tests.spec.ts","Chats Tests","","","B47 - Clicking Cancel should close Send Coin modal",""
"skipped","Tue Jul 30 22:30:07 GMT 2024","Tue Jul 30 22:30:07 GMT 2024","0","chromium","02C-friends-three-instances.spec.ts","Friends tests","","","H11, H12, H13, H14 - Friend Lists are sorted alphabetically",""
"passed","Tue Jul 30 22:35:20 GMT 2024","Tue Jul 30 22:35:27 GMT 2024","7509","chromium","05-settings-profile.spec.ts","Settings Profile Tests","","","I9, I10 - User should be able to change username and see toast notification of change",""
"passed","Tue Jul 30 22:36:59 GMT 2024","Tue Jul 30 22:37:07 GMT 2024","8659","chromium","07-settings-customizations.spec.ts","Settings Customization Tests","","","K6, K7 - Font size should have a maximum of 1.50 and can be applied correctly everywhere through the app",""
"passed","Tue Jul 30 22:38:30 GMT 2024","Tue Jul 30 22:38:35 GMT 2024","4717","chromium","11-settings-keybinds.spec.ts","Settings Keybinds Tests","","","O1, 06 - Message at top of page and custom keybinds listed correctly",""
"passed","Tue Jul 30 22:37:22 GMT 2024","Tue Jul 30 22:37:28 GMT 2024","5546","chromium","07-settings-customizations.spec.ts","Settings Customization Tests","","","K13 - Selected primary color should be applied throughout the entire app",""
"skipped","Tue Jul 30 22:40:44 GMT 2024","Tue Jul 30 22:40:44 GMT 2024","0","chromium","18-chats-tests.spec.ts","Chats Tests","","","B44 - Highlighted border should appear around selected user",""
"skipped","Tue Jul 30 23:00:47 GMT 2024","Tue Jul 30 23:00:47 GMT 2024","2","chromium","21-wallet.spec.ts","Wallet Tests","","","E6 - Clicking the X next to a username in the recipient box should clear user out",""
"skipped","Tue Jul 30 23:00:47 GMT 2024","Tue Jul 30 23:00:47 GMT 2024","0","chromium","21-wallet.spec.ts","Wallet Tests","","","E1 - Sidebar should display New Payment modal",""
"passed","Tue Jul 30 22:36:18 GMT 2024","Tue Jul 30 22:36:22 GMT 2024","4710","chromium","05-settings-profile.spec.ts","Settings Profile Tests","","","I24 - Clicking LogOut should log user out of the account",""
"skipped","Tue Jul 30 22:40:44 GMT 2024","Tue Jul 30 22:40:44 GMT 2024","0","chromium","18-chats-tests.spec.ts","Chats Tests","","","B4 - Amount of coin should be displayed at top right toolbar",""
"passed","Tue Jul 30 22:26:57 GMT 2024","Tue Jul 30 22:27:07 GMT 2024","10399","chromium","01-pin-input.spec.ts","Create Account and Login Tests","","","A1, A9, A11 - Enter valid PIN redirects to Main Page",""
"passed","Tue Jul 30 22:36:48 GMT 2024","Tue Jul 30 22:36:52 GMT 2024","4890","chromium","07-settings-customizations.spec.ts","Settings Customization Tests","","","K3 - Selected Fonts should be applied everywhere throughout the app",""
"skipped","Tue Jul 30 23:00:47 GMT 2024","Tue Jul 30 23:00:47 GMT 2024","0","chromium","21-wallet.spec.ts","Wallet Tests","","","E7 - User should have to click+hold confirm button for 3 seconds",""
"passed","Tue Jul 30 22:37:47 GMT 2024","Tue Jul 30 22:37:52 GMT 2024","4826","chromium","09-settings-audio-video.spec.ts","Settings Audio and Video Tests","","","M1 and M2 - Input dropdown and input volume indicator should display",""
"passed","Tue Jul 30 22:38:54 GMT 2024","Tue Jul 30 22:38:59 GMT 2024","4771","chromium","11-settings-keybinds.spec.ts","Settings Keybinds Tests","","","O8 - Clicking Revert Keybindings should revert any custom keybindings the user has saved",""
"passed","Tue Jul 30 22:39:04 GMT 2024","Tue Jul 30 22:39:08 GMT 2024","4731","chromium","11-settings-keybinds.spec.ts","Settings Keybinds Tests","","","O10 - Clicking the backwards arrow should revert specific custom keybinding",""
"passed","Tue Jul 30 22:38:11 GMT 2024","Tue Jul 30 22:38:16 GMT 2024","4749","chromium","09-settings-audio-video.spec.ts","Settings Audio and Video Tests","","","M8 - User should be able to toggle on and off Message Sounds",""
"passed","Tue Jul 30 22:29:39 GMT 2024","Tue Jul 30 22:29:53 GMT 2024","13973","chromium","02B-friends-two-instances.spec.ts","Friends tests","","","H7, H20 - User can send a friend request and remote user can deny it",""
"skipped","Tue Jul 30 22:40:44 GMT 2024","Tue Jul 30 22:40:44 GMT 2024","0","chromium","18-chats-tests.spec.ts","Chats Tests","","","B23 - Clicking Copy should copy text to users clipboard",""
"skipped","Tue Jul 30 22:33:14 GMT 2024","Tue Jul 30 22:33:14 GMT 2024","0","chromium","03-chats-sidebar.spec.ts","Chats Sidebar Tests","","","C18 - Typing indicator should be displayed around users profile picture when they are typing (this applies to favorites as well)",""
"skipped","Tue Jul 30 22:36:18 GMT 2024","Tue Jul 30 22:36:18 GMT 2024","0","chromium","05-settings-profile.spec.ts","Settings Profile Tests","","","I23 - User should be able to click checkbox to determine whether they want to store Recovery Phrase on account",""
"passed","Tue Jul 30 22:37:52 GMT 2024","Tue Jul 30 22:37:57 GMT 2024","4775","chromium","09-settings-audio-video.spec.ts","Settings Audio and Video Tests","","","M3 and M4 - Output device dropdown and output volume indicator should display",""
"passed","Tue Jul 30 22:27:27 GMT 2024","Tue Jul 30 22:27:29 GMT 2024","1979","chromium","01-pin-input.spec.ts","Create Account and Login Tests","","","A10 - User can see menu to switch to a different profile",""
"skipped","Tue Jul 30 22:33:14 GMT 2024","Tue Jul 30 22:33:14 GMT 2024","0","chromium","03-chats-sidebar.spec.ts","Chats Sidebar Tests","","","C13 - Number of members in group should appear on that chat in both Sidebar and Favorites",""
"passed","Tue Jul 30 22:39:33 GMT 2024","Tue Jul 30 22:39:37 GMT 2024","4800","chromium","13-settings-about.spec.ts","Settings About Tests","","","R2 - Current version of Uplink should be displayed",""
"skipped","Tue Jul 30 22:33:14 GMT 2024","Tue Jul 30 22:33:14 GMT 2024","0","chromium","04-marketplace.spec.ts","Marketplace Tests","","","D2 - Clicking Blundles & Packs should navigate you to said page",""
"skipped","Tue Jul 30 22:39:37 GMT 2024","Tue Jul 30 22:39:37 GMT 2024","0","chromium","13-settings-about.spec.ts","Settings About Tests","","","R3 - Clicking Check for Updates should check for newest version of Uplink available",""
"skipped","Tue Jul 30 22:40:44 GMT 2024","Tue Jul 30 22:40:44 GMT 2024","0","chromium","18-chats-tests.spec.ts","Chats Tests","","","B16 - Timestamp appears after most recent message sent",""
"passed","Tue Jul 30 22:37:17 GMT 2024","Tue Jul 30 22:37:22 GMT 2024","5383","chromium","07-settings-customizations.spec.ts","Settings Customization Tests","","","K12 - Clicking Pick should open up the finetune color selector",""
"passed","Tue Jul 30 22:36:27 GMT 2024","Tue Jul 30 22:36:33 GMT 2024","5222","chromium","06-settings-inventory.spec.ts","Settings Inventory Tests","","","J2 - After user selects Profile Picture Frame it should be properly displayed everywhere in the app where the user's profile picture appears",""
"passed","Tue Jul 30 22:27:14 GMT 2024","Tue Jul 30 22:27:17 GMT 2024","2780","chromium","01-pin-input.spec.ts","Create Account and Login Tests","","","A4 - Clicking red reset button should erase any inputs made",""
"skipped","Tue Jul 30 22:40:44 GMT 2024","Tue Jul 30 22:40:44 GMT 2024","1","chromium","18-chats-tests.spec.ts","Chats Tests","","","B29 - User can change name of the group",""
"passed","Tue Jul 30 22:38:25 GMT 2024","Tue Jul 30 22:38:30 GMT 2024","4728","chromium","10-settings-extensions.spec.ts","Settings Extensions Tests","","","N1 - User should land on Installed when navigating to this page",""
"passed","Tue Jul 30 22:38:02 GMT 2024","Tue Jul 30 22:38:06 GMT 2024","4746","chromium","09-settings-audio-video.spec.ts","Settings Audio and Video Tests","","","M6 - User should be able to toggle on and off Interface Sounds",""
"passed","Tue Jul 30 22:39:54 GMT 2024","Tue Jul 30 22:39:59 GMT 2024","5226","chromium","13-settings-about.spec.ts","Settings About Tests","","","R8 - Clicking DevMode button 10 times should enable DevMode",""
"passed","Tue Jul 30 22:27:39 GMT 2024","Tue Jul 30 22:27:45 GMT 2024","6487","chromium","02A-friends-one-instance.spec.ts","Friends tests","","","H1, H2, H3, H4, H5, H8 - Navigate through friends pages and validate UI elements",""
"passed","Tue Jul 30 22:37:28 GMT 2024","Tue Jul 30 22:37:33 GMT 2024","4968","chromium","07-settings-customizations.spec.ts","Settings Customization Tests","","","K14 - User should be able to add additional custom CSS to the application",""
"failed","Tue Jul 30 22:28:07 GMT 2024","Tue Jul 30 22:28:17 GMT 2024","9642","chromium","02A-friends-one-instance.spec.ts","Friends tests","","","H10, H27, H28, H29 - Copy Button Tests",""
"passed","Tue Jul 30 22:28:52 GMT 2024","Tue Jul 30 22:29:07 GMT 2024","14483","chromium","02B-friends-two-instances.spec.ts","Friends tests","","","H15 - User should be removed from friends list after clicking unfriend",""
"failed","Tue Jul 30 22:46:20 GMT 2024","Tue Jul 30 22:47:13 GMT 2024","53489","chromium","20-files.spec.ts","Files Page Tests","","","F7 - User can create new folders on root",""
"passed","Tue Jul 30 22:38:35 GMT 2024","Tue Jul 30 22:38:40 GMT 2024","4949","chromium","11-settings-keybinds.spec.ts","Settings Keybinds Tests","","","O2, 04 - Clicking a key should activate the Recorded Keys - User can save keybind",""
"skipped","Tue Jul 30 22:40:44 GMT 2024","Tue Jul 30 22:40:44 GMT 2024","1","chromium","18-chats-tests.spec.ts","Chats Tests","","","B46 - User should have to hold confirm for 3 seconds to send payment in Send Coin Modal",""
"failed","Tue Jul 30 22:51:45 GMT 2024","Tue Jul 30 22:52:39 GMT 2024","53919","chromium","20-files.spec.ts","Files Page Tests","","","F9 - User cannot create directories with existing name - Toast notification is shown",""
"skipped","Tue Jul 30 22:40:44 GMT 2024","Tue Jul 30 22:40:44 GMT 2024","0","chromium","18-chats-tests.spec.ts","Chats Tests","","","B48 - The chat typing indicator should be displayed when user is typing",""
"skipped","Tue Jul 30 22:40:44 GMT 2024","Tue Jul 30 22:40:44 GMT 2024","1","chromium","18-chats-tests.spec.ts","Chats Tests","","","B43 - Clicking the X should clear user from recipients box in Send Coin Modal",""
"skipped","Tue Jul 30 22:40:44 GMT 2024","Tue Jul 30 22:40:44 GMT 2024","0","chromium","18-chats-tests.spec.ts","Chats Tests","","","B53 - User can download media from chat by clicking download",""
"skipped","Tue Jul 30 22:40:44 GMT 2024","Tue Jul 30 22:40:44 GMT 2024","0","chromium","20-files.spec.ts","Files Page Tests","","","F2 - Highlighted border should appear when user clicks Create Node",""
"skipped","Tue Jul 30 22:40:44 GMT 2024","Tue Jul 30 22:40:44 GMT 2024","0","chromium","18-chats-tests.spec.ts","Chats Tests","","","B49 - Scroll to bottom button should appear after scrolling up 2 messages",""
"passed","Tue Jul 30 22:35:37 GMT 2024","Tue Jul 30 22:35:42 GMT 2024","4735","chromium","05-settings-profile.spec.ts","Settings Profile Tests","","","I13 - Error message should appear if user tries to input chars that are not allowed or exceeds chars amount",""
"skipped","Tue Jul 30 22:40:44 GMT 2024","Tue Jul 30 22:40:44 GMT 2024","0","chromium","18-chats-tests.spec.ts","Chats Tests","","","B2 - Clicking ""Add Friends"" should navigate you to Friends page",""
"passed","Tue Jul 30 22:27:17 GMT 2024","Tue Jul 30 22:27:19 GMT 2024","2089","chromium","01-pin-input.spec.ts","Create Account and Login Tests","","","A5 - Settings dropdown should show option to Scramble numberpad and option to stay unlocked",""
"skipped","Tue Jul 30 23:00:47 GMT 2024","Tue Jul 30 23:00:47 GMT 2024","1","chromium","21-wallet.spec.ts","Wallet Tests","","","E14 - Clicking Load More should display 10 more recent transactions",""
"skipped","Tue Jul 30 22:40:44 GMT 2024","Tue Jul 30 22:40:44 GMT 2024","0","chromium","18-chats-tests.spec.ts","Chats Tests","","","B52 - User should be able to click on image in chat to see image preview",""
"skipped","Tue Jul 30 22:40:44 GMT 2024","Tue Jul 30 22:40:44 GMT 2024","0","chromium","18-chats-tests.spec.ts","Chats Tests","","","B33 - User can toggle on/off ChangePhoto",""
"passed","Tue Jul 30 22:36:52 GMT 2024","Tue Jul 30 22:36:59 GMT 2024","6378","chromium","07-settings-customizations.spec.ts","Settings Customization Tests","","","K5 - Font size should have a minimum of .82",""
"failed","Tue Jul 30 22:32:15 GMT 2024","Tue Jul 30 22:33:09 GMT 2024","53867","chromium","03-chats-sidebar.spec.ts","Chats Sidebar Tests","","","C5, C6, C7, C8, C9 - Nav bar buttons should redirect to correct page",""
"passed","Tue Jul 30 22:36:43 GMT 2024","Tue Jul 30 22:36:48 GMT 2024","4785","chromium","07-settings-customizations.spec.ts","Settings Customization Tests","","","K2 - Font dropdown should show expected font names",""
"skipped","Tue Jul 30 22:33:14 GMT 2024","Tue Jul 30 22:33:14 GMT 2024","0","chromium","03-chats-sidebar.spec.ts","Chats Sidebar Tests","","","C15 - Right clicking a chat in sidebar should open context menu",""
"skipped","Tue Jul 30 23:00:47 GMT 2024","Tue Jul 30 23:00:47 GMT 2024","0","chromium","21-wallet.spec.ts","Wallet Tests","","","E8 - Profile Picture should be displayed at top of page",""
"passed","Tue Jul 30 22:39:13 GMT 2024","Tue Jul 30 22:39:18 GMT 2024","4664","chromium","12-settings-notifications.spec.ts","Settings Notifications Tests","","","Q2 - User should be able to toggle on/off Friend Request Notifications",""
"skipped","Tue Jul 30 22:40:44 GMT 2024","Tue Jul 30 22:40:44 GMT 2024","0","chromium","18-chats-tests.spec.ts","Chats Tests","","","B40 - Only numbers should be able to be inputted in Send Coin modal",""
"skipped","Tue Jul 30 22:33:14 GMT 2024","Tue Jul 30 22:33:14 GMT 2024","1","chromium","04-marketplace.spec.ts","Marketplace Tests","","","D8 - Clicking Extensions should navigate you to said page",""
"skipped","Tue Jul 30 22:33:14 GMT 2024","Tue Jul 30 22:33:14 GMT 2024","0","chromium","03-chats-sidebar.spec.ts","Chats Sidebar Tests","","","C11 - ProfilePicFrame should display for any friends that have one",""
"passed","Tue Jul 30 22:27:19 GMT 2024","Tue Jul 30 22:27:21 GMT 2024","2164","chromium","01-pin-input.spec.ts","Create Account and Login Tests","","","A6, A7 - Scramble Keypad will change the order of pin input buttons",""
"skipped","Tue Jul 30 23:00:47 GMT 2024","Tue Jul 30 23:00:47 GMT 2024","0","chromium","21-wallet.spec.ts","Wallet Tests","","","E4 - Textbox should highlight when user clicks into it",""
"skipped","Tue Jul 30 22:40:44 GMT 2024","Tue Jul 30 22:40:44 GMT 2024","0","chromium","18-chats-tests.spec.ts","Chats Tests","","","B37 - User should not be able to send a blank message (Send button should be greyed out until any text is added into the textbox)",""
"passed","Tue Jul 30 22:36:33 GMT 2024","Tue Jul 30 22:36:38 GMT 2024","5043","chromium","06-settings-inventory.spec.ts","Settings Inventory Tests","","","J3, J4, J5, J6 - Equipping and unequipping inventory item",""
"failed","Tue Jul 30 22:35:09 GMT 2024","Tue Jul 30 22:35:19 GMT 2024","9809","chromium","05-settings-profile.spec.ts","Settings Profile Tests","","","I8 - Short ID Context menu should allow to copy DID or Short ID intoto clipboard",""
"skipped","Tue Jul 30 22:33:14 GMT 2024","Tue Jul 30 22:33:14 GMT 2024","0","chromium","04-marketplace.spec.ts","Marketplace Tests","","","D6 - Clicking Newly Added should navigate you to said page",""
"skipped","Tue Jul 30 22:40:44 GMT 2024","Tue Jul 30 22:40:44 GMT 2024","0","chromium","18-chats-tests.spec.ts","Chats Tests","","","B24 - Clicking Edit should open up the edit message modal",""
"skipped","Tue Jul 30 22:33:14 GMT 2024","Tue Jul 30 22:33:14 GMT 2024","0","chromium","04-marketplace.spec.ts","Marketplace Tests","","","D5 - Clicking Most Downloaded should navigate you to said page",""
"passed","Tue Jul 30 22:37:57 GMT 2024","Tue Jul 30 22:38:02 GMT 2024","4650","chromium","09-settings-audio-video.spec.ts","Settings Audio and Video Tests","","","M5 - User should be able to toggle on and off Echo Cancellation",""
"skipped","Tue Jul 30 22:40:44 GMT 2024","Tue Jul 30 22:40:44 GMT 2024","0","chromium","18-chats-tests.spec.ts","Chats Tests","","","B50 - Number of reactions should be displayed underneath message",""
"skipped","Tue Jul 30 22:33:14 GMT 2024","Tue Jul 30 22:33:14 GMT 2024","0","chromium","03-chats-sidebar.spec.ts","Chats Sidebar Tests","","","C19 - After selecting Hide chat chat should no longer be displayed in sidebar",""
"passed","Tue Jul 30 22:36:22 GMT 2024","Tue Jul 30 22:36:27 GMT 2024","5009","chromium","06-settings-inventory.spec.ts","Settings Inventory Tests","","","J1 - Page should display items purchased from Marketplace",""
"failed","Tue Jul 30 22:33:30 GMT 2024","Tue Jul 30 22:33:36 GMT 2024","5457","chromium","05-settings-profile.spec.ts","Settings Profile Tests","","","I2, I3 - Banner Picture - User can upload banner",""
"passed","Tue Jul 30 22:39:08 GMT 2024","Tue Jul 30 22:39:13 GMT 2024","4890","chromium","12-settings-notifications.spec.ts","Settings Notifications Tests","","","Q1 - User should be able to toggle on/off Notifications",""
"skipped","Tue Jul 30 22:40:44 GMT 2024","Tue Jul 30 22:40:44 GMT 2024","0","chromium","18-chats-tests.spec.ts","Chats Tests","","","B36 - User should already be clicked into textbox when they enter a chat",""
"passed","Tue Jul 30 22:36:08 GMT 2024","Tue Jul 30 22:36:13 GMT 2024","4645","chromium","05-settings-profile.spec.ts","Settings Profile Tests","","","I20 - Status should show correctly depending on which status user has set",""
"skipped","Tue Jul 30 22:36:18 GMT 2024","Tue Jul 30 22:36:18 GMT 2024","0","chromium","05-settings-profile.spec.ts","Settings Profile Tests","","","I22 - Clicking copy should copy the Recovery Phrase to the users clipboard",""
"skipped","Tue Jul 30 22:40:44 GMT 2024","Tue Jul 30 22:40:44 GMT 2024","0","chromium","18-chats-tests.spec.ts","Chats Tests","","","B34 - User can toggle on/off Change Details",""
"passed","Tue Jul 30 22:38:21 GMT 2024","Tue Jul 30 22:38:25 GMT 2024","4716","chromium","09-settings-audio-video.spec.ts","Settings Audio and Video Tests","","","M10 - User should be able to test video device",""
"skipped","Tue Jul 30 22:40:44 GMT 2024","Tue Jul 30 22:40:44 GMT 2024","0","chromium","18-chats-tests.spec.ts","Chats Tests","","","B21 - Clicking Reply should open reply modal",""
"passed","Tue Jul 30 22:37:38 GMT 2024","Tue Jul 30 22:37:43 GMT 2024","4755","chromium","08-settings-messages.spec.ts","Settings Messages Tests","","","L2 - User should be able to toggle on and off Markdown support",""
"skipped","Tue Jul 30 22:40:44 GMT 2024","Tue Jul 30 22:40:44 GMT 2024","0","chromium","18-chats-tests.spec.ts","Chats Tests","","","B25 - Clicking Delete should delete message from chat",""
"skipped","Tue Jul 30 22:33:14 GMT 2024","Tue Jul 30 22:33:14 GMT 2024","0","chromium","04-marketplace.spec.ts","Marketplace Tests","","","D10 - Clicking Stickers & Emotes should navigate you to said page",""
"failed","Tue Jul 30 22:34:38 GMT 2024","Tue Jul 30 22:34:48 GMT 2024","9725","chromium","05-settings-profile.spec.ts","Settings Profile Tests","","","I7 - Clicking shortID should copy DID into clipboard",""
"skipped","Tue Jul 30 22:40:44 GMT 2024","Tue Jul 30 22:40:44 GMT 2024","0","chromium","18-chats-tests.spec.ts","Chats Tests","","","B28 - Highlighted border should appear after clicking into the GroupName input box in GroupChat Settings",""
"skipped","Tue Jul 30 22:40:44 GMT 2024","Tue Jul 30 22:40:44 GMT 2024","0","chromium","18-chats-tests.spec.ts","Chats Tests","","","B1 - User should land on this page after logging in",""
"passed","Tue Jul 30 22:33:14 GMT 2024","Tue Jul 30 22:33:19 GMT 2024","4646","chromium","05-settings-profile.spec.ts","Settings Profile Tests","","","I1 - Banner Picture - Tooltip displayed",""
"passed","Tue Jul 30 22:35:28 GMT 2024","Tue Jul 30 22:35:32 GMT 2024","4666","chromium","05-settings-profile.spec.ts","Settings Profile Tests","","","I11 - All text in Username should be selected after clicking into the text field a single time",""
"skipped","Tue Jul 30 22:40:44 GMT 2024","Tue Jul 30 22:40:44 GMT 2024","0","chromium","18-chats-tests.spec.ts","Chats Tests","","","B3 - Messages are secured by end-to-end encryption, sent over a peer-to-peer network should be displayed at the top of every chat",""
"passed","Tue Jul 30 22:40:28 GMT 2024","Tue Jul 30 22:40:33 GMT 2024","5470","chromium","15-settings-developer.spec.ts","Settings Developer Tests","","","T7 - Highlighted border should appear around Clear State when clicked",""
"passed","Tue Jul 30 22:38:40 GMT 2024","Tue Jul 30 22:38:45 GMT 2024","4640","chromium","11-settings-keybinds.spec.ts","Settings Keybinds Tests","","","O3 - Action dropdown should display correct keybind actions",""
"failed","Tue Jul 30 22:49:02 GMT 2024","Tue Jul 30 22:49:56 GMT 2024","53806","chromium","20-files.spec.ts","Files Page Tests","","","F8 - If user tries to create a folder with empty name or press Esc while name input is displayed, folder is not created",""
"failed","Tue Jul 30 22:34:07 GMT 2024","Tue Jul 30 22:34:12 GMT 2024","5259","chromium","05-settings-profile.spec.ts","Settings Profile Tests","","","I5 - Profile picture appears blank until custom profile picture is set",""
"skipped","Tue Jul 30 22:40:44 GMT 2024","Tue Jul 30 22:40:44 GMT 2024","0","chromium","17-settings-network.spec.ts","Settings Network Tests","","","Validate Settings Network page is shown",""
"skipped","Tue Jul 30 22:40:44 GMT 2024","Tue Jul 30 22:40:44 GMT 2024","0","chromium","18-chats-tests.spec.ts","Chats Tests","","","B19 - When user clicks their own message context menu should display Top 5 Most Used Emojis, Pin Message, Reply, React, Copy, Edit, Delete",""
"skipped","Tue Jul 30 22:33:14 GMT 2024","Tue Jul 30 22:33:14 GMT 2024","0","chromium","04-marketplace.spec.ts","Marketplace Tests","","","D7 - Clicking Community Upgrades should navigate you to said page",""
"failed","Tue Jul 30 22:28:41 GMT 2024","Tue Jul 30 22:28:51 GMT 2024","9690","chromium","02A-friends-one-instance.spec.ts","Friends tests","","","H22, H23, H24, H25 - Invalid attempts for sending friend request",""
"passed","Tue Jul 30 22:36:03 GMT 2024","Tue Jul 30 22:36:08 GMT 2024","4609","chromium","05-settings-profile.spec.ts","Settings Profile Tests","","","I19 - Status dropdown should show Online, Offline, Idle, Do not Disturb",""
"skipped","Tue Jul 30 22:40:17 GMT 2024","Tue Jul 30 22:40:17 GMT 2024","0","chromium","15-settings-developer.spec.ts","Settings Developer Tests","","","T4 - Clicking Clear State should clear users state",""
"skipped","Tue Jul 30 22:40:44 GMT 2024","Tue Jul 30 22:40:44 GMT 2024","0","chromium","18-chats-tests.spec.ts","Chats Tests","","","B32 - User can toggle on/off Add Members",""
"skipped","Tue Jul 30 22:33:14 GMT 2024","Tue Jul 30 22:33:14 GMT 2024","0","chromium","03-chats-sidebar.spec.ts","Chats Sidebar Tests","","","C16 - Context menu should display: Favorite, Hide, Mark as read",""
"skipped","Tue Jul 30 22:40:44 GMT 2024","Tue Jul 30 22:40:44 GMT 2024","1","chromium","18-chats-tests.spec.ts","Chats Tests","","","B27 - Clicking the Settings button should open the Group Chat Settings",""
"skipped","Tue Jul 30 22:40:44 GMT 2024","Tue Jul 30 22:40:44 GMT 2024","1","chromium","18-chats-tests.spec.ts","Chats Tests","","","B7 - Favorite button should should be highlighted after clicked and grey when unclicked",""
"skipped","Tue Jul 30 22:40:44 GMT 2024","Tue Jul 30 22:40:44 GMT 2024","0","chromium","18-chats-tests.spec.ts","Chats Tests","","","B38 - Clicking Send Coin should open the modal",""
"skipped","Tue Jul 30 22:40:44 GMT 2024","Tue Jul 30 22:40:44 GMT 2024","1","chromium","18-chats-tests.spec.ts","Chats Tests","","","B41 - Highlighted border should appear when user clicks into Notes textbox in the Send Coin modal",""
"skipped","Tue Jul 30 22:40:44 GMT 2024","Tue Jul 30 22:40:44 GMT 2024","0","chromium","18-chats-tests.spec.ts","Chats Tests","","","B10 - Friends profile should display friends status (whether you are friends or not)",""
"skipped","Tue Jul 30 22:40:44 GMT 2024","Tue Jul 30 22:40:44 GMT 2024","0","chromium","18-chats-tests.spec.ts","Chats Tests","","","B22 - Clicking React should open up emoji menu",""
"skipped","Tue Jul 30 22:36:52 GMT 2024","Tue Jul 30 22:36:52 GMT 2024","0","chromium","07-settings-customizations.spec.ts","Settings Customization Tests","","","K4 - Clicking OpenFolder should open the Fonts folder",""
"passed","Tue Jul 30 22:39:59 GMT 2024","Tue Jul 30 22:40:05 GMT 2024","5870","chromium","14-settings-licenses.spec.ts","Settings Licenses Tests","","","S1 - Clicking View License should take user to our licenses page",""
"passed","Tue Jul 30 22:40:33 GMT 2024","Tue Jul 30 22:40:38 GMT 2024","5321","chromium","15-settings-developer.spec.ts","Settings Developer Tests","","","T8 - Clicking Test Voice State should open debug voice page",""
"passed","Tue Jul 30 22:34:13 GMT 2024","Tue Jul 30 22:34:18 GMT 2024","4745","chromium","05-settings-profile.spec.ts","Settings Profile Tests","","","I6 - Username should be displayed in the Username textbox",""
"failed","Tue Jul 30 22:41:05 GMT 2024","Tue Jul 30 22:41:15 GMT 2024","10215","chromium","20-files.spec.ts","Files Page Tests","","","F3, F4 - Amount of Free and Total should appear in Toolbar",""
"passed","Tue Jul 30 22:27:29 GMT 2024","Tue Jul 30 22:27:34 GMT 2024","4393","chromium","01-pin-input.spec.ts","Create Account and Login Tests","","","A13 - If Stay Unlocked is toggled off, user be redirected to enter PIN when refreshing page",""
"passed","Tue Jul 30 22:35:54 GMT 2024","Tue Jul 30 22:35:59 GMT 2024","4599","chromium","05-settings-profile.spec.ts","Settings Profile Tests","","","I17 - All text in StatusMessage should be selected after clicking into the text field a single time",""
"skipped","Tue Jul 30 22:40:44 GMT 2024","Tue Jul 30 22:40:44 GMT 2024","0","chromium","19-files-sidebar.spec.ts","Files Sidebar Tests","","","G1 - Sidebar should have an option to show either Chats or Files",""
"passed","Tue Jul 30 22:38:45 GMT 2024","Tue Jul 30 22:38:49 GMT 2024","4734","chromium","11-settings-keybinds.spec.ts","Settings Keybinds Tests","","","O5 - Clicking Cancel should cancel any custom keybinding the user was trying to add",""
"skipped","Tue Jul 30 22:40:44 GMT 2024","Tue Jul 30 22:40:44 GMT 2024","0","chromium","18-chats-tests.spec.ts","Chats Tests","","","B17 - Users profile picture appears next to messages sent",""
"passed","Tue Jul 30 22:37:12 GMT 2024","Tue Jul 30 22:37:17 GMT 2024","4817","chromium","07-settings-customizations.spec.ts","Settings Customization Tests","","","K11 - Primary Colors should display expected values",""
"skipped","Tue Jul 30 22:38:30 GMT 2024","Tue Jul 30 22:38:30 GMT 2024","0","chromium","10-settings-extensions.spec.ts","Settings Extensions Tests","","","N2 - Clicking Explore should take user to Explore page",""
"passed","Tue Jul 30 22:35:47 GMT 2024","Tue Jul 30 22:35:54 GMT 2024","7376","chromium","05-settings-profile.spec.ts","Settings Profile Tests","","","I15, I16 - User should be able to change Status Message and see toast notification for update",""
"skipped","Tue Jul 30 22:33:14 GMT 2024","Tue Jul 30 22:33:14 GMT 2024","0","chromium","04-marketplace.spec.ts","Marketplace Tests","","","D4 - Clicking Recently Updated should navigate you to said page",""
"skipped","Tue Jul 30 22:40:44 GMT 2024","Tue Jul 30 22:40:44 GMT 2024","0","chromium","18-chats-tests.spec.ts","Chats Tests","","","B54 - User should be able to view a video through the embedded video player",""
"passed","Tue Jul 30 22:27:08 GMT 2024","Tue Jul 30 22:27:11 GMT 2024","2399","chromium","01-pin-input.spec.ts","Create Account and Login Tests","","","A2 - Pin should have at least 4 digits",""
"skipped","Tue Jul 30 22:40:44 GMT 2024","Tue Jul 30 22:40:44 GMT 2024","0","chromium","18-chats-tests.spec.ts","Chats Tests","","","B39 - Amount should be displayed at the top of Send Coin modal and user should be able to click into it and change amount",""
"skipped","Tue Jul 30 22:40:44 GMT 2024","Tue Jul 30 22:40:44 GMT 2024","0","chromium","18-chats-tests.spec.ts","Chats Tests","","","B35 - Highlighted border should appear around textbox in chat when user clicks into it",""
"skipped","Tue Jul 30 22:40:44 GMT 2024","Tue Jul 30 22:40:44 GMT 2024","0","chromium","18-chats-tests.spec.ts","Chats Tests","","","B20 - Clicking Pin Message should pin message in chat",""
"skipped","Tue Jul 30 22:33:14 GMT 2024","Tue Jul 30 22:33:14 GMT 2024","0","chromium","03-chats-sidebar.spec.ts","Chats Sidebar Tests","","","C12 - Favorites should appear on left side of Sidebar",""
"skipped","Tue Jul 30 22:33:14 GMT 2024","Tue Jul 30 22:33:14 GMT 2024","1","chromium","03-chats-sidebar.spec.ts","Chats Sidebar Tests","","","C14 - Clicking a favorite should take you to that chat",""
"skipped","Tue Jul 30 22:40:44 GMT 2024","Tue Jul 30 22:40:44 GMT 2024","1","chromium","18-chats-tests.spec.ts","Chats Tests","","","B11 - Friends profile should display friends Username",""
"skipped","Tue Jul 30 22:40:44 GMT 2024","Tue Jul 30 22:40:44 GMT 2024","0","chromium","18-chats-tests.spec.ts","Chats Tests","","","B6 - Highlighted border should appear around Video button when clicked",""
"skipped","Tue Jul 30 22:33:14 GMT 2024","Tue Jul 30 22:33:14 GMT 2024","0","chromium","03-chats-sidebar.spec.ts","Chats Sidebar Tests","","","C17 - Timestamp of most recent message sent or received in chat should be displayed in the sidebar",""
"skipped","Tue Jul 30 22:40:44 GMT 2024","Tue Jul 30 22:40:44 GMT 2024","0","chromium","18-chats-tests.spec.ts","Chats Tests","","","B55 - Messages should be limited to 2048 chars",""
"skipped","Tue Jul 30 23:00:47 GMT 2024","Tue Jul 30 23:00:47 GMT 2024","0","chromium","21-wallet.spec.ts","Wallet Tests","","","E13 - Recent transactions should display the 10 most recent transactions",""
"skipped","Tue Jul 30 23:00:47 GMT 2024","Tue Jul 30 23:00:47 GMT 2024","0","chromium","21-wallet.spec.ts","Wallet Tests","","","E10 - PaymentID should be displayed underneath the Username",""
"skipped","Tue Jul 30 22:40:44 GMT 2024","Tue Jul 30 22:40:44 GMT 2024","0","chromium","18-chats-tests.spec.ts","Chats Tests","","","B15 - Clicking Groups button should display group members of the chat",""
"skipped","Tue Jul 30 22:27:29 GMT 2024","Tue Jul 30 22:27:29 GMT 2024","1","chromium","01-pin-input.spec.ts","Create Account and Login Tests","","","A12 - If incorrect pin is entered, error message should be displayed",""
"skipped","Tue Jul 30 22:40:44 GMT 2024","Tue Jul 30 22:40:44 GMT 2024","1","chromium","18-chats-tests.spec.ts","Chats Tests","","","B26 - Clicking the X next to a friend in the GroupMembers Modal should remove friend from groupchat",""
"skipped","Tue Jul 30 22:40:44 GMT 2024","Tue Jul 30 22:40:44 GMT 2024","0","chromium","18-chats-tests.spec.ts","Chats Tests","","","B9 - Friends profile should display friends profile picture",""
"skipped","Tue Jul 30 22:40:44 GMT 2024","Tue Jul 30 22:40:44 GMT 2024","0","chromium","18-chats-tests.spec.ts","Chats Tests","","","B13 - User should be able to write a note on friends profile",""
"skipped","Tue Jul 30 22:40:44 GMT 2024","Tue Jul 30 22:40:44 GMT 2024","0","chromium","19-files-sidebar.spec.ts","Files Sidebar Tests","","","G3 - Clicking Files should display the Files sidebar",""
"passed","Tue Jul 30 22:40:10 GMT 2024","Tue Jul 30 22:40:17 GMT 2024","6445","chromium","15-settings-developer.spec.ts","Settings Developer Tests","","","T3 - Clicking Load MockData should load all mock data throughout app",""
"passed","Tue Jul 30 22:40:05 GMT 2024","Tue Jul 30 22:40:10 GMT 2024","5139","chromium","15-settings-developer.spec.ts","Settings Developer Tests","","","T1, T2 - Clicking Exit Devmode should exit user out of Devmode",""
"passed","Tue Jul 30 22:33:09 GMT 2024","Tue Jul 30 22:33:14 GMT 2024","4496","chromium","03-chats-sidebar.spec.ts","Chats Sidebar Tests","","","C10 - Textbox should have highlighted border when clicking into Chat Search",""
"passed","Tue Jul 30 22:38:06 GMT 2024","Tue Jul 30 22:38:11 GMT 2024","4779","chromium","09-settings-audio-video.spec.ts","Settings Audio and Video Tests","","","M7 - User should be able to toggle on and off Control Sounds",""
"passed","Tue Jul 30 22:40:22 GMT 2024","Tue Jul 30 22:40:28 GMT 2024","5492","chromium","15-settings-developer.spec.ts","Settings Developer Tests","","","T6 - Highlighted border should appear around Load MockData when clicked",""
"passed","Tue Jul 30 22:37:43 GMT 2024","Tue Jul 30 22:37:47 GMT 2024","4737","chromium","08-settings-messages.spec.ts","Settings Messages Tests","","","L3 - User should be able to toggle on and off emoji Spam/Bot detection & rejection",""
"skipped","Tue Jul 30 23:00:47 GMT 2024","Tue Jul 30 23:00:47 GMT 2024","1","chromium","21-wallet.spec.ts","Wallet Tests","","","E9 - Username should be displayed next to profile picture",""
"passed","Tue Jul 30 22:40:38 GMT 2024","Tue Jul 30 22:40:44 GMT 2024","5070","chromium","16-settings-accessibility.spec.ts","Settings Accessibility Tests","","","P1, P2 - User should be able to toggle on/off Dyslexic mode and changes are applied everywhere",""
"passed","Tue Jul 30 22:27:21 GMT 2024","Tue Jul 30 22:27:27 GMT 2024","6189","chromium","01-pin-input.spec.ts","Create Account and Login Tests","","","A8 - If Stay Unlocked is toggled on, user should bypass PIN page when logging in",""
"passed","Tue Jul 30 22:38:16 GMT 2024","Tue Jul 30 22:38:21 GMT 2024","4790","chromium","09-settings-audio-video.spec.ts","Settings Audio and Video Tests","","","M9 - User should be able to toggle on and off Call Timer",""
"skipped","Tue Jul 30 22:40:44 GMT 2024","Tue Jul 30 22:40:44 GMT 2024","0","chromium","18-chats-tests.spec.ts","Chats Tests","","","B45 - Scrollbar should appear if user has enough friends for it in Send Coin Modal",""
"passed","Tue Jul 30 22:39:28 GMT 2024","Tue Jul 30 22:39:33 GMT 2024","5106","chromium","13-settings-about.spec.ts","Settings About Tests","","","R1 - ""About Uplink"" should appear at top of page",""
"skipped","Tue Jul 30 22:40:44 GMT 2024","Tue Jul 30 22:40:44 GMT 2024","0","chromium","18-chats-tests.spec.ts","Chats Tests","","","B5 - Highlighted border should appear around call button when clicked",""
"skipped","Tue Jul 30 22:40:44 GMT 2024","Tue Jul 30 22:40:44 GMT 2024","0","chromium","18-chats-tests.spec.ts","Chats Tests","","","B30 - Highlighted border should appear after clicking into the GroupDescription input box in GroupChat Settings",""
"passed","Tue Jul 30 22:39:49 GMT 2024","Tue Jul 30 22:39:54 GMT 2024","4769","chromium","13-settings-about.spec.ts","Settings About Tests","","","R6 and R7 - Made In header text, description and flags displayed",""
"skipped","Tue Jul 30 22:33:14 GMT 2024","Tue Jul 30 22:33:14 GMT 2024","0","chromium","04-marketplace.spec.ts","Marketplace Tests","","","D9 - Clicking Themes should navigate you to said page",""
"skipped","Tue Jul 30 22:37:07 GMT 2024","Tue Jul 30 22:37:07 GMT 2024","0","chromium","07-settings-customizations.spec.ts","Settings Customization Tests","","","K8 - Clicking the moon button should change theme of the app from Dark to Light",""
"failed","Tue Jul 30 22:54:28 GMT 2024","Tue Jul 30 22:55:21 GMT 2024","53534","chromium","20-files.spec.ts","Files Page Tests","","","F10 - User can create subfolders and navigate to parent folder with go back button",""
"passed","Tue Jul 30 22:40:17 GMT 2024","Tue Jul 30 22:40:22 GMT 2024","5502","chromium","15-settings-developer.spec.ts","Settings Developer Tests","","","T5 - Highlighted border should appear around Exit DevMode when clicked",""
"skipped","Tue Jul 30 22:58:04 GMT 2024","Tue Jul 30 22:58:04 GMT 2024","0","chromium","20-files.spec.ts","Files Page Tests","","","F13 - Files and folders are still visible after logging out and login again",""
"failed","Tue Jul 30 22:41:38 GMT 2024","Tue Jul 30 22:41:48 GMT 2024","9933","chromium","20-files.spec.ts","Files Page Tests","","","F5 - Highlighted border should appaer when you click Create New Folder",""
"skipped","Tue Jul 30 23:00:47 GMT 2024","Tue Jul 30 23:00:47 GMT 2024","0","chromium","21-wallet.spec.ts","Wallet Tests","","","E11 - User should be able to click and highlight their payment ID",""
"skipped","Tue Jul 30 22:40:44 GMT 2024","Tue Jul 30 22:40:44 GMT 2024","0","chromium","18-chats-tests.spec.ts","Chats Tests","","","B8 - Clicking Profile button in 1on1 chat should display the friends profile",""
"passed","Tue Jul 30 22:39:23 GMT 2024","Tue Jul 30 22:39:28 GMT 2024","4743","chromium","12-settings-notifications.spec.ts","Settings Notifications Tests","","","Q4 - User should be able to toggle on/off Settings Notifications",""
"skipped","Tue Jul 30 23:00:47 GMT 2024","Tue Jul 30 23:00:47 GMT 2024","0","chromium","21-wallet.spec.ts","Wallet Tests","","","E16 - Coin Out should show last 5 transactions coins were sent from you",""
"passed","Tue Jul 30 22:30:12 GMT 2024","Tue Jul 30 22:30:16 GMT 2024","4501","chromium","03-chats-sidebar.spec.ts","Chats Sidebar Tests","","","C2 - Hovering over Create Chat should show tooltips",""
"skipped","Tue Jul 30 22:40:44 GMT 2024","Tue Jul 30 22:40:44 GMT 2024","0","chromium","18-chats-tests.spec.ts","Chats Tests","","","B31 - User should be able to edit the description of the group",""
"skipped","Tue Jul 30 22:40:44 GMT 2024","Tue Jul 30 22:40:44 GMT 2024","0","chromium","18-chats-tests.spec.ts","Chats Tests","","","B14 - Highlighted border should appear when user clicks into Notes textbox",""
"passed","Tue Jul 30 22:29:53 GMT 2024","Tue Jul 30 22:30:07 GMT 2024","13944","chromium","02B-friends-two-instances.spec.ts","Friends tests","","","H21 - User can send a friend request and cancel request before other user replies to it",""
"skipped","Tue Jul 30 23:00:47 GMT 2024","Tue Jul 30 23:00:47 GMT 2024","0","chromium","21-wallet.spec.ts","Wallet Tests","","","E12 - Balance should be displayed in the top right of the page",""
"skipped","Tue Jul 30 22:30:07 GMT 2024","Tue Jul 30 22:30:07 GMT 2024","0","chromium","02C-friends-three-instances.spec.ts","Friends tests","","","H9 - Search Friends tests",""
"failed","Tue Jul 30 22:43:37 GMT 2024","Tue Jul 30 22:44:31 GMT 2024","53575","chromium","20-files.spec.ts","Files Page Tests","","","F6, F11 -Clicking Upload should then open up the OS files browser and user can upload files in root folder",""
"passed","Tue Jul 30 22:35:32 GMT 2024","Tue Jul 30 22:35:37 GMT 2024","4878","chromium","05-settings-profile.spec.ts","Settings Profile Tests","","","I12 - Highlighted border should appear when clicked into the username textbox",""
"skipped","Tue Jul 30 22:38:30 GMT 2024","Tue Jul 30 22:38:30 GMT 2024","0","chromium","10-settings-extensions.spec.ts","Settings Extensions Tests","","","N3 - Clicking Settings should take user to Settings page",""
"skipped","Tue Jul 30 23:00:47 GMT 2024","Tue Jul 30 23:00:47 GMT 2024","0","chromium","21-wallet.spec.ts","Wallet Tests","","","E15 - Coin In should show last 5 transactions coins were sent to you",""
"failed","Tue Jul 30 22:57:10 GMT 2024","Tue Jul 30 22:58:04 GMT 2024","53673","chromium","20-files.spec.ts","Files Page Tests","","","F12 - User can upload files in subfolder folder",""
"passed","Tue Jul 30 22:30:21 GMT 2024","Tue Jul 30 22:30:26 GMT 2024","4816","chromium","03-chats-sidebar.spec.ts","Chats Sidebar Tests","","","C4 - Clicking hamburger button should collapse sidebar",""
"skipped","Tue Jul 30 22:40:44 GMT 2024","Tue Jul 30 22:40:44 GMT 2024","0","chromium","19-files-sidebar.spec.ts","Files Sidebar Tests","","","G2 - Clicking Chats should display chats in sidebar",""
"skipped","Tue Jul 30 22:40:44 GMT 2024","Tue Jul 30 22:40:44 GMT 2024","0","chromium","18-chats-tests.spec.ts","Chats Tests","","","B18 - Context menu appears when user right clicks a message",""
"passed","Tue Jul 30 22:39:43 GMT 2024","Tue Jul 30 22:39:49 GMT 2024","5609","chromium","13-settings-about.spec.ts","Settings About Tests","","","R5 - Clicking Open Source Code should take you to the source code",""
"skipped","Tue Jul 30 23:00:47 GMT 2024","Tue Jul 30 23:00:47 GMT 2024","1","chromium","21-wallet.spec.ts","Wallet Tests","","","E3 - Only chars that should be allowed are period marks and numbers",""
"skipped","Tue Jul 30 22:40:44 GMT 2024","Tue Jul 30 22:40:44 GMT 2024","0","chromium","18-chats-tests.spec.ts","Chats Tests","","","B51 - Markdown should show when typing in chatbar",""
"passed","Tue Jul 30 22:37:07 GMT 2024","Tue Jul 30 22:37:12 GMT 2024","4693","chromium","07-settings-customizations.spec.ts","Settings Customization Tests","","","K9 - Themes dropdown should display Default",""
"passed","Tue Jul 30 22:36:13 GMT 2024","Tue Jul 30 22:36:18 GMT 2024","4998","chromium","05-settings-profile.spec.ts","Settings Profile Tests","","","I21 - Clicking Reveal Phrase should display the users Recovery Phrases",""
"passed","Tue Jul 30 22:39:37 GMT 2024","Tue Jul 30 22:39:43 GMT 2024","5937","chromium","13-settings-about.spec.ts","Settings About Tests","","","R4 - Clicking Open Website should take you to the Uplink website",""
"passed","Tue Jul 30 22:27:34 GMT 2024","Tue Jul 30 22:27:39 GMT 2024","4772","chromium","01-pin-input.spec.ts","Create Account and Login Tests","","","A14 - If Stay Unlocked is toggled on, user should be redirected to enter PIN after logging off",""
"skipped","Tue Jul 30 22:40:44 GMT 2024","Tue Jul 30 22:40:44 GMT 2024","0","chromium","20-files.spec.ts","Files Page Tests","","","F1 - Highlighted border should appear when user clicks Sync",""
"passed","Tue Jul 30 22:38:59 GMT 2024","Tue Jul 30 22:39:04 GMT 2024","5023","chromium","11-settings-keybinds.spec.ts","Settings Keybinds Tests","","","O9 - Highlighted border should be displayed when clicking Revert Keybindings",""
"passed","Tue Jul 30 22:29:07 GMT 2024","Tue Jul 30 22:29:25 GMT 2024","17630","chromium","02B-friends-two-instances.spec.ts","Friends tests","","","H16, H17, H18, H26 - User can be block/unblocked",""
"skipped","Tue Jul 30 23:00:47 GMT 2024","Tue Jul 30 23:00:47 GMT 2024","0","chromium","21-wallet.spec.ts","Wallet Tests","","","E5 - Selected recipients should have a highlighted border and appear in the Recipients box",""
"skipped","Tue Jul 30 22:33:14 GMT 2024","Tue Jul 30 22:33:14 GMT 2024","0","chromium","04-marketplace.spec.ts","Marketplace Tests","","","D1 - Marketplace modal should appear when user clicks Marketplace",""
"passed","Tue Jul 30 22:29:25 GMT 2024","Tue Jul 30 22:29:39 GMT 2024","13965","chromium","02B-friends-two-instances.spec.ts","Friends tests","","","H6, H19 - User can send a friend request and remote user can accept it",""
"passed","Tue Jul 30 22:30:07 GMT 2024","Tue Jul 30 22:30:12 GMT 2024","4709","chromium","03-chats-sidebar.spec.ts","Chats Sidebar Tests","","","C1 - Clicking Create Chat should open modal with option for Group Name and Group Members",""
"passed","Tue Jul 30 22:35:59 GMT 2024","Tue Jul 30 22:36:03 GMT 2024","4558","chromium","05-settings-profile.spec.ts","Settings Profile Tests","","","I18 - Error message should appear if user inputs chars that are not allowed or exceeds limit",""
"failed","Tue Jul 30 22:59:53 GMT 2024","Tue Jul 30 23:00:47 GMT 2024","53649","chromium","20-files.spec.ts","Files Page Tests","","","F14 - If user upload the same file again, file is uploaded but with different filename",""
"passed","Tue Jul 30 22:39:18 GMT 2024","Tue Jul 30 22:39:23 GMT 2024","4772","chromium","12-settings-notifications.spec.ts","Settings Notifications Tests","","","Q3 - User should be able to toggle on/off Message Notifications",""
"failed","Tue Jul 30 22:33:49 GMT 2024","Tue Jul 30 22:33:55 GMT 2024","5664","chromium","05-settings-profile.spec.ts","Settings Profile Tests","","","I4 - Clicking upload picture on Profile picture should open File Browser",""
"skipped","Tue Jul 30 22:40:44 GMT 2024","Tue Jul 30 22:40:44 GMT 2024","0","chromium","18-chats-tests.spec.ts","Chats Tests","","","B12 - Friends profile should display friends profile Status",""
"passed","Tue Jul 30 22:27:11 GMT 2024","Tue Jul 30 22:27:14 GMT 2024","3446","chromium","01-pin-input.spec.ts","Create Account and Login Tests","","","A3 - Pin cannot have more than 8 digits",""
"passed","Tue Jul 30 22:38:49 GMT 2024","Tue Jul 30 22:38:54 GMT 2024","4612","chromium","11-settings-keybinds.spec.ts","Settings Keybinds Tests","","","O7 - Highlighted border should display when user clicks cancel",""
"passed","Tue Jul 30 22:37:33 GMT 2024","Tue Jul 30 22:37:38 GMT 2024","4829","chromium","08-settings-messages.spec.ts","Settings Messages Tests","","","L1 - User should be able to toggle on and off emoji conversion",""
"skipped","Tue Jul 30 22:37:12 GMT 2024","Tue Jul 30 22:37:12 GMT 2024","0","chromium","07-settings-customizations.spec.ts","Settings Customization Tests","","","K10 - Themes folder button should open the themes folder",""
"skipped","Tue Jul 30 22:40:44 GMT 2024","Tue Jul 30 22:40:44 GMT 2024","0","chromium","18-chats-tests.spec.ts","Chats Tests","","","B42 - Recipients should appear in recipients box as they are added in Send Coin Modal",""
"passed","Tue Jul 30 22:35:42 GMT 2024","Tue Jul 30 22:35:47 GMT 2024","4926","chromium","05-settings-profile.spec.ts","Settings Profile Tests","","","I14 - Highlighted border should appear when user is clicked into Status textbox",""
"passed","Tue Jul 30 22:30:16 GMT 2024","Tue Jul 30 22:30:21 GMT 2024","4694","chromium","03-chats-sidebar.spec.ts","Chats Sidebar Tests","","","C3 - Hovering over Nav buttons should show tooltips",""
